Id,ActivityDate,TotalSteps,VeryActiveMinutes,FairlyActiveMinutes,LightlyActiveMinutes,SedentaryMinutes,Calories
1503960366,01/05/2016,10602,33,35,246,730,1820
1624580081,01/05/2016,36019,186,63,171,1020,2690
1644430081,01/05/2016,6132,3,24,146,908,2696
1844505072,01/05/2016,2573,0,7,75,585,1541
1927972279,01/05/2016,2704,14,1,70,1355,2411
2022484408,01/05/2016,10538,25,28,245,1142,2380
2026352035,01/05/2016,3609,0,0,191,716,1447
2320127002,01/05/2016,772,0,0,40,1400,1403
2873212765,01/05/2016,7399,7,18,196,1219,1739
3372868164,01/05/2016,3077,0,0,172,842,1237
3977333714,01/05/2016,10414,41,40,124,691,1501
4020332650,01/05/2016,0,0,0,0,1440,1980
4319703577,01/05/2016,1251,0,0,67,836,1593
4388161847,01/05/2016,10255,12,15,241,579,2926
4445114986,01/05/2016,5232,0,0,240,741,2246
4558609924,01/05/2016,3428,0,0,190,1121,1692
4702921684,01/05/2016,0,0,0,0,1440,2017
5553957443,01/05/2016,5164,0,0,237,436,1747
5577150313,01/05/2016,13368,194,72,178,499,4546
6117666160,01/05/2016,8915,0,0,397,525,2361
6290855005,01/05/2016,9837,8,95,282,1055,3327
6775888955,01/05/2016,2487,9,34,50,1347,2319
6962181067,01/05/2016,5454,0,0,215,722,1740
7007744171,01/05/2016,5600,0,0,237,1142,2225
7086361926,01/05/2016,12390,30,15,258,685,2730
8053475328,01/05/2016,1170,0,0,51,1389,1886
8378563200,01/05/2016,11419,71,10,127,669,3369
8583815059,01/05/2016,4512,10,2,117,1311,2596
8792009665,01/05/2016,1619,0,0,79,834,1962
8877689391,01/05/2016,10930,36,12,166,1226,2786
1503960366,02/05/2016,14727,41,15,277,798,2004
1624580081,02/05/2016,7155,7,6,166,1261,1497
1644430081,02/05/2016,3758,1,7,148,682,2580
1844505072,02/05/2016,0,0,0,0,1440,1348
1927972279,02/05/2016,3790,16,8,94,1322,2505
2022484408,02/05/2016,10379,36,8,277,1119,2473
2026352035,02/05/2016,7018,0,0,355,716,1690
2320127002,02/05/2016,3634,5,6,123,1306,1613
2873212765,02/05/2016,7525,0,7,334,1099,1878
3977333714,02/05/2016,16520,24,143,176,713,1760
4020332650,02/05/2016,475,0,11,31,1350,2207
4319703577,02/05/2016,9261,0,11,344,585,2270
4388161847,02/05/2016,10096,33,4,204,935,3147
4445114986,02/05/2016,6910,27,4,200,667,2336
4558609924,02/05/2016,7891,0,0,383,1057,2066
4702921684,02/05/2016,7245,5,40,195,1131,2859
5553957443,02/05/2016,9769,23,9,227,724,1996
5577150313,02/05/2016,7439,37,20,235,732,3014
6117666160,02/05/2016,4933,0,0,236,1204,2044
6290855005,02/05/2016,6781,0,0,268,1172,2725
6775888955,02/05/2016,0,0,0,0,1440,1841
6962181067,02/05/2016,12912,18,39,313,655,2162
7007744171,02/05/2016,13041,64,14,250,1112,2642
7086361926,02/05/2016,10052,66,26,139,737,2754
8053475328,02/05/2016,1969,0,0,95,1345,1988
8378563200,02/05/2016,6064,63,4,142,802,3491
8583815059,02/05/2016,8469,0,0,0,1440,2894
8792009665,02/05/2016,1831,0,0,101,916,2015
8877689391,02/05/2016,4790,0,0,105,1335,2189
1503960366,03/05/2016,15103,50,24,254,816,1990
1624580081,03/05/2016,2100,0,0,96,1344,1334
1644430081,03/05/2016,12850,10,94,221,1115,3324
1844505072,03/05/2016,4059,0,0,184,1256,1742
1927972279,03/05/2016,1326,10,0,17,1413,2195
2022484408,03/05/2016,12183,72,14,250,1104,2752
2026352035,03/05/2016,5992,0,0,304,981,1604
2320127002,03/05/2016,7443,20,10,206,1204,1878
2873212765,03/05/2016,7412,1,6,363,1070,1906
3977333714,03/05/2016,14335,47,41,258,594,1710
4020332650,03/05/2016,4496,0,0,174,950,2828
4319703577,03/05/2016,9648,8,26,287,669,2235
4388161847,03/05/2016,12727,18,18,306,984,3290
4445114986,03/05/2016,7502,30,2,233,725,2421
4558609924,03/05/2016,5267,21,10,237,1172,1953
4702921684,03/05/2016,9454,0,0,313,729,3145
5553957443,03/05/2016,12848,26,29,247,812,2116
5577150313,03/05/2016,11045,97,8,212,580,3795
6117666160,03/05/2016,0,0,0,0,1440,1496
6290855005,03/05/2016,6047,0,0,240,1200,2671
6775888955,03/05/2016,9,0,0,1,1439,1843
6962181067,03/05/2016,12109,21,36,267,654,2072
7007744171,03/05/2016,14510,58,31,330,1021,2976
7086361926,03/05/2016,10288,57,36,152,761,2754
8053475328,03/05/2016,15484,87,22,165,1166,3023
8378563200,03/05/2016,8712,71,20,195,822,3784
8583815059,03/05/2016,12015,0,0,0,1440,3212
8792009665,03/05/2016,2421,0,0,156,739,2297
8877689391,03/05/2016,10818,19,3,229,1189,2817
1503960366,04/05/2016,11100,36,22,203,1179,1819
1624580081,04/05/2016,2193,0,0,118,1322,1368
1644430081,04/05/2016,2309,0,0,52,1388,2222
1844505072,04/05/2016,2080,0,0,87,1353,1549
1927972279,04/05/2016,1786,0,0,87,1353,2338
2022484408,04/05/2016,11768,36,27,272,1105,2649
2026352035,04/05/2016,6564,0,0,345,530,1658
2320127002,04/05/2016,1201,0,0,52,1388,1426
2873212765,04/05/2016,8278,0,0,420,1020,2015
3977333714,04/05/2016,13559,14,96,142,852,1628
4020332650,04/05/2016,10252,13,46,346,531,3879
4319703577,04/05/2016,10429,8,13,313,1106,2282
4388161847,04/05/2016,12375,35,21,251,632,3162
4445114986,04/05/2016,2923,0,0,180,897,2070
4558609924,04/05/2016,5232,0,0,252,1188,1842
4702921684,04/05/2016,8161,4,15,251,757,3004
5553957443,04/05/2016,4249,0,0,224,651,1698
5577150313,04/05/2016,5206,25,9,141,631,2755
6117666160,04/05/2016,2997,0,0,156,1279,1902
6290855005,04/05/2016,5832,0,0,272,1168,2718
6775888955,04/05/2016,0,0,0,0,1440,1841
6962181067,04/05/2016,10147,15,36,284,683,2086
7007744171,04/05/2016,0,0,0,0,1440,1557
7086361926,04/05/2016,10988,45,12,135,843,2655
8053475328,04/05/2016,14581,89,8,123,1220,2918
8378563200,04/05/2016,7875,19,10,167,680,3110
8583815059,04/05/2016,3588,0,0,0,1440,2516
8792009665,04/05/2016,2283,0,0,129,848,2067
8877689391,04/05/2016,18193,66,8,212,1154,3477
1503960366,05/05/2016,14070,45,24,250,857,1959
1624580081,05/05/2016,2470,0,0,117,1323,1370
1644430081,05/05/2016,4363,6,12,81,1341,2463
1844505072,05/05/2016,2237,0,0,120,1320,1589
1927972279,05/05/2016,0,0,0,0,1440,2063
2022484408,05/05/2016,11895,55,20,253,1112,2609
2026352035,05/05/2016,12167,0,0,475,479,1926
2320127002,05/05/2016,5202,0,11,223,1206,1780
2873212765,05/05/2016,8314,13,23,311,1093,1971
3977333714,05/05/2016,12312,14,88,178,680,1618
4020332650,05/05/2016,11728,38,42,196,916,3429
4319703577,05/05/2016,13658,27,34,328,957,2530
4388161847,05/05/2016,9603,12,39,199,896,2899
4445114986,05/05/2016,3800,2,6,185,734,2120
4558609924,05/05/2016,10611,14,8,370,1048,2262
4702921684,05/05/2016,8614,8,5,241,745,3006
5553957443,05/05/2016,14331,44,29,241,692,2156
5577150313,05/05/2016,7550,45,21,143,1153,3004
6117666160,05/05/2016,9799,0,0,487,479,2636
6290855005,05/05/2016,6339,0,0,239,1201,2682
6775888955,05/05/2016,0,0,0,0,1440,1841
6962181067,05/05/2016,10524,14,22,305,591,2066
7007744171,05/05/2016,15010,53,23,317,1047,2933
7086361926,05/05/2016,8564,24,14,149,1253,2386
8053475328,05/05/2016,14990,93,9,130,1208,2950
8378563200,05/05/2016,8567,66,3,214,764,3783
8583815059,05/05/2016,12427,0,0,70,1370,3266
8792009665,05/05/2016,0,0,0,0,1440,1688
8877689391,05/05/2016,14055,67,15,188,1170,3052
1503960366,06/05/2016,12159,24,6,289,754,1896
1624580081,06/05/2016,1727,0,0,102,1338,1341
1644430081,06/05/2016,9787,11,6,369,1054,3328
1844505072,06/05/2016,44,0,0,2,1438,1351
1927972279,06/05/2016,2091,0,0,108,1332,2383
2022484408,06/05/2016,10227,24,17,295,1104,2498
2026352035,06/05/2016,8198,0,0,383,511,1736
2320127002,06/05/2016,4878,0,0,204,1236,1742
2873212765,06/05/2016,7063,0,5,370,1065,1910
3977333714,06/05/2016,11677,29,55,168,676,1590
4020332650,06/05/2016,4369,0,0,177,855,2704
4319703577,06/05/2016,9524,6,11,314,692,2266
4388161847,06/05/2016,13175,33,45,262,1100,3425
4445114986,06/05/2016,4514,0,0,229,809,2211
4558609924,06/05/2016,3755,0,0,202,1238,1722
4702921684,06/05/2016,6943,1,16,207,682,2859
5553957443,06/05/2016,9632,21,9,229,761,1916
5577150313,06/05/2016,4950,41,16,79,1304,2643
6117666160,06/05/2016,3365,0,0,133,673,1838
6290855005,06/05/2016,6116,0,0,305,1135,2806
6775888955,06/05/2016,4697,12,35,75,1318,2496
6962181067,06/05/2016,5908,0,0,299,717,1850
7007744171,06/05/2016,11459,44,13,247,1136,2553
7086361926,06/05/2016,12461,84,35,154,834,2924
8053475328,06/05/2016,13953,90,15,90,1245,2859
8378563200,06/05/2016,7045,74,5,166,831,3644
8583815059,06/05/2016,5843,2,22,166,1250,2683
8792009665,06/05/2016,0,0,0,0,1440,1688
8877689391,06/05/2016,21727,96,17,232,1095,4015
1503960366,07/05/2016,11992,37,46,175,833,1821
1624580081,07/05/2016,2104,0,0,182,1258,1474
1644430081,07/05/2016,13372,41,17,243,1139,3404
1844505072,07/05/2016,0,0,0,0,1440,1347
1927972279,07/05/2016,1510,0,0,48,1392,2229
2022484408,07/05/2016,6708,20,2,149,1269,1995
2026352035,07/05/2016,4193,0,0,229,665,1491
2320127002,07/05/2016,7379,0,0,319,1121,1972
2873212765,07/05/2016,4940,75,11,52,1302,1897
3977333714,07/05/2016,11550,0,86,208,703,1574
4020332650,07/05/2016,6132,0,0,184,1256,2975
4319703577,07/05/2016,7937,3,28,279,586,2158
4388161847,07/05/2016,22770,120,56,260,508,4022
4445114986,07/05/2016,5183,26,4,108,866,2123
4558609924,07/05/2016,8237,23,16,233,1116,1973
4702921684,07/05/2016,14370,5,46,439,577,3683
5553957443,07/05/2016,1868,0,0,96,902,1494
5577150313,07/05/2016,0,0,0,0,1440,1819
6117666160,07/05/2016,7336,0,0,412,456,2469
6290855005,07/05/2016,5510,0,0,227,1213,2613
6775888955,07/05/2016,1967,2,5,49,551,1032
6962181067,07/05/2016,6815,0,0,328,745,1947
7007744171,07/05/2016,0,0,0,0,111,120
7086361926,07/05/2016,12827,20,42,209,621,2739
8053475328,07/05/2016,19769,121,20,148,1076,3331
8378563200,07/05/2016,4468,0,0,158,851,2799
8583815059,07/05/2016,6117,0,0,250,1190,2810
8792009665,07/05/2016,0,0,0,0,1440,1688
8877689391,07/05/2016,12332,105,28,271,1036,4142
1503960366,08/05/2016,10060,44,8,203,574,1740
1624580081,08/05/2016,3427,0,0,152,1288,1427
1644430081,08/05/2016,6724,0,0,295,991,2987
1844505072,08/05/2016,0,0,0,0,1440,1347
1927972279,08/05/2016,0,0,0,0,1440,2063
2022484408,08/05/2016,3292,0,0,135,1305,1848
2026352035,08/05/2016,5528,0,0,258,610,1555
2320127002,08/05/2016,5161,0,0,247,1193,1821
2873212765,08/05/2016,8168,46,0,326,1068,2096
3977333714,08/05/2016,13585,9,116,171,688,1633
4020332650,08/05/2016,5862,0,0,263,775,3089
4319703577,08/05/2016,3672,0,0,153,603,1792
4388161847,08/05/2016,17298,107,38,178,576,3934
4445114986,08/05/2016,7303,0,8,308,733,2423
4558609924,08/05/2016,6543,66,35,238,1019,2666
4702921684,08/05/2016,12857,9,125,192,1019,3287
5553957443,08/05/2016,6083,3,8,210,505,1762
5577150313,08/05/2016,0,0,0,0,1440,1819
6117666160,08/05/2016,7328,0,0,318,517,2250
6290855005,08/05/2016,7706,0,0,251,1189,2712
6962181067,08/05/2016,4188,0,14,151,709,1659
7086361926,08/05/2016,10677,32,27,147,695,2534
8053475328,08/05/2016,22026,125,14,228,1073,3589
8378563200,08/05/2016,2943,0,0,139,621,2685
8583815059,08/05/2016,9217,3,72,182,1183,2940
8792009665,08/05/2016,0,0,0,0,1440,1688
8877689391,08/05/2016,10686,17,4,245,1174,2847
1503960366,09/05/2016,12022,46,11,206,835,1819
1624580081,09/05/2016,1732,0,0,91,1349,1328
1644430081,09/05/2016,6643,32,6,303,1099,3008
1844505072,09/05/2016,0,0,0,0,1440,1347
1927972279,09/05/2016,0,0,0,0,1440,2063
2022484408,09/05/2016,13379,35,47,297,1061,2709
2026352035,09/05/2016,10685,0,0,401,543,1869
2320127002,09/05/2016,3090,0,0,145,1295,1630
2873212765,09/05/2016,7726,0,0,345,1095,1906
3977333714,09/05/2016,14687,8,122,151,1159,1667
4020332650,09/05/2016,4556,3,5,173,1225,2785
4319703577,09/05/2016,10378,2,14,374,490,2345
4388161847,09/05/2016,10218,6,19,258,1020,3013
4445114986,09/05/2016,5275,0,0,266,641,2281
4558609924,09/05/2016,11451,6,30,339,1065,2223
4702921684,09/05/2016,8232,0,12,253,746,2990
5553957443,09/05/2016,11611,59,22,251,667,2272
5577150313,09/05/2016,3421,34,11,70,1099,2489
6117666160,09/05/2016,4477,0,0,197,125,1248
6290855005,09/05/2016,6277,0,0,264,800,2175
6962181067,09/05/2016,12342,43,21,231,607,2105
7086361926,09/05/2016,13566,67,50,171,743,2960
8053475328,09/05/2016,12465,66,12,148,1214,2765
8378563200,09/05/2016,8382,71,13,171,772,3721
8583815059,09/05/2016,9877,66,4,110,1260,2947
8792009665,09/05/2016,0,0,0,0,1440,1688
8877689391,09/05/2016,20226,73,19,217,1131,3710
1503960366,10/05/2016,12207,46,31,214,746,1859
1624580081,10/05/2016,2969,0,0,139,1301,1393
1644430081,10/05/2016,9167,12,19,155,1254,2799
1844505072,10/05/2016,0,0,0,0,1440,1347
1927972279,10/05/2016,0,0,0,0,1440,2063
2022484408,10/05/2016,12798,57,28,271,1084,2797
2026352035,10/05/2016,254,0,0,17,1002,1141
2320127002,10/05/2016,6227,0,0,290,1150,1899
2873212765,10/05/2016,8275,0,0,373,1067,1962
3977333714,10/05/2016,13072,1,115,196,676,1630
4020332650,10/05/2016,5546,0,0,206,774,2926
4319703577,10/05/2016,9487,3,12,329,555,2260
4388161847,10/05/2016,10299,13,14,267,648,3061
4445114986,10/05/2016,3915,0,0,231,783,2181
4558609924,10/05/2016,6435,11,18,220,1191,1889
4702921684,10/05/2016,10613,1,37,262,701,3172
5553957443,10/05/2016,16358,61,40,265,707,2335
5577150313,10/05/2016,8869,104,37,194,639,3841
6290855005,10/05/2016,0,0,0,0,1440,0
6962181067,10/05/2016,15448,62,34,275,626,2361
7086361926,10/05/2016,14433,72,23,106,1182,2800
8053475328,10/05/2016,14810,96,10,115,1219,2926
8378563200,10/05/2016,6582,63,13,152,840,3586
8583815059,10/05/2016,8240,9,43,162,1226,2846
8792009665,10/05/2016,0,0,0,0,48,57
8877689391,10/05/2016,10733,18,11,224,1187,2832
1503960366,11/05/2016,12770,36,23,251,669,1783
1624580081,11/05/2016,3134,0,0,112,1328,1359
1644430081,11/05/2016,1329,0,0,49,713,1276
1844505072,11/05/2016,0,0,0,0,1440,1347
1927972279,11/05/2016,0,0,0,0,1440,2063
2022484408,11/05/2016,13272,58,25,224,1133,2544
2026352035,11/05/2016,8580,0,0,330,569,1698
2320127002,11/05/2016,6424,0,0,300,1140,1903
2873212765,11/05/2016,6440,0,0,319,1121,1826
3977333714,11/05/2016,746,4,0,9,13,52
4020332650,11/05/2016,3689,2,8,134,1296,2645
4319703577,11/05/2016,9129,3,18,311,574,2232
4388161847,11/05/2016,10201,8,18,256,858,2954
4445114986,11/05/2016,9105,34,22,232,622,2499
4558609924,11/05/2016,9108,4,31,324,1081,2131
4702921684,11/05/2016,9810,10,41,235,784,3069
5553957443,11/05/2016,4926,0,0,195,628,1693
5577150313,11/05/2016,4038,45,15,63,257,1665
6962181067,11/05/2016,6722,24,7,199,709,1855
7086361926,11/05/2016,9572,57,40,128,757,2735
8053475328,11/05/2016,12209,60,7,184,1189,2809
8378563200,11/05/2016,9143,72,10,184,763,3788
8583815059,11/05/2016,8701,5,71,177,1106,2804
8877689391,11/05/2016,21420,88,12,213,1127,3832
1503960366,12/04/2016,13162,25,13,328,728,1985
1624580081,12/04/2016,8163,0,0,146,1294,1432
1644430081,12/04/2016,10694,2,51,256,1131,3199
1844505072,12/04/2016,6697,0,0,339,1101,2030
1927972279,12/04/2016,678,0,0,55,734,2220
2022484408,12/04/2016,11875,42,14,227,1157,2390
2026352035,12/04/2016,4414,3,8,181,706,1459
2320127002,12/04/2016,10725,13,9,306,1112,2124
2347167796,12/04/2016,10113,28,13,320,964,2344
2873212765,12/04/2016,8796,2,21,356,1061,1982
3372868164,12/04/2016,4747,0,0,280,1160,1788
3977333714,12/04/2016,8856,44,19,131,777,1450
4020332650,12/04/2016,8539,4,15,331,712,3654
4057192912,12/04/2016,5394,0,0,164,1276,2286
4319703577,12/04/2016,7753,0,0,0,1440,2115
4388161847,12/04/2016,10122,0,0,0,1440,2955
4445114986,12/04/2016,3276,0,0,196,787,2113
4558609924,12/04/2016,5135,0,0,318,1122,1909
4702921684,12/04/2016,7213,0,0,263,718,2947
5553957443,12/04/2016,11596,19,13,277,767,2026
5577150313,12/04/2016,8135,86,16,140,728,3405
6117666160,12/04/2016,0,0,0,0,1440,1496
6290855005,12/04/2016,4562,0,0,199,1241,2560
6775888955,12/04/2016,0,0,0,0,1440,1841
6962181067,12/04/2016,10199,50,14,189,796,1994
7007744171,12/04/2016,14172,53,8,355,1024,2937
7086361926,12/04/2016,11317,59,6,153,745,2772
8053475328,12/04/2016,18060,116,8,123,1193,3186
8253242879,12/04/2016,9033,40,2,154,1244,2044
8378563200,12/04/2016,7626,65,15,156,723,3635
8583815059,12/04/2016,5014,0,7,196,1237,2650
8792009665,12/04/2016,2564,0,0,116,831,2044
8877689391,12/04/2016,23186,85,7,312,1036,3921
1503960366,12/05/2016,0,0,0,0,1440,0
1624580081,12/05/2016,2971,0,0,107,890,1002
1844505072,12/05/2016,0,0,0,0,711,665
1927972279,12/05/2016,0,0,0,0,966,1383
2022484408,12/05/2016,9117,16,16,236,728,1853
2026352035,12/05/2016,8891,0,0,343,330,1364
2320127002,12/05/2016,2661,0,0,128,830,1125
2873212765,12/05/2016,7566,0,0,268,720,1431
4020332650,12/05/2016,590,0,0,21,721,1120
4319703577,12/05/2016,17,0,0,2,0,257
4388161847,12/05/2016,3369,0,0,108,825,1623
4445114986,12/05/2016,768,0,0,58,380,1212
4558609924,12/05/2016,6307,0,0,247,736,1452
4702921684,12/05/2016,2752,0,0,68,241,1240
5553957443,12/05/2016,3121,8,6,48,222,741
6962181067,12/05/2016,3587,0,8,105,127,928
7086361926,12/05/2016,3789,5,4,58,343,1199
8053475328,12/05/2016,4998,28,4,39,839,1505
8378563200,12/05/2016,4561,8,6,102,433,1976
8583815059,12/05/2016,0,0,0,0,1440,0
8877689391,12/05/2016,8064,23,1,137,770,1849
1503960366,13/04/2016,10735,21,19,217,776,1797
1624580081,13/04/2016,7007,0,0,148,1292,1411
1644430081,13/04/2016,8001,30,16,135,1259,2902
1844505072,13/04/2016,4929,0,0,248,1192,1860
1927972279,13/04/2016,356,0,0,32,986,2151
2022484408,13/04/2016,12024,43,5,292,1100,2601
2026352035,13/04/2016,4993,0,0,238,663,1521
2320127002,13/04/2016,7275,0,0,335,1105,2003
2347167796,13/04/2016,10352,19,32,195,676,2038
2873212765,13/04/2016,7618,0,8,404,1028,2004
3372868164,13/04/2016,9715,16,8,371,1045,2093
3977333714,13/04/2016,10035,31,46,153,754,1495
4020332650,13/04/2016,0,0,0,0,1440,1981
4057192912,13/04/2016,5974,0,0,160,1280,2306
4319703577,13/04/2016,8204,8,15,96,1234,2135
4388161847,13/04/2016,10993,1,14,150,1275,3092
4445114986,13/04/2016,2961,0,0,194,840,2095
4558609924,13/04/2016,4978,19,7,127,1287,1722
4702921684,13/04/2016,6877,0,0,258,777,2898
5553957443,13/04/2016,4832,0,0,226,647,1718
5577150313,13/04/2016,5077,15,11,144,776,2551
6117666160,13/04/2016,0,0,0,0,1440,1496
6290855005,13/04/2016,7142,0,0,350,1090,2905
6775888955,13/04/2016,4053,17,18,85,1053,2400
6962181067,13/04/2016,5652,8,24,142,548,1718
7007744171,13/04/2016,12862,56,22,261,1101,2742
7086361926,13/04/2016,5813,31,26,155,744,2516
8053475328,13/04/2016,16433,95,12,156,1177,3140
8253242879,13/04/2016,8053,35,11,96,1298,1935
8378563200,13/04/2016,12386,116,14,169,680,4079
8583815059,13/04/2016,5571,2,23,163,1252,2654
8792009665,13/04/2016,1320,0,0,82,806,1934
8877689391,13/04/2016,15337,108,18,216,1098,3566
1503960366,14/04/2016,10460,30,11,181,1218,1776
1624580081,14/04/2016,9107,0,0,236,1204,1572
1644430081,14/04/2016,11037,5,58,252,1125,3226
1844505072,14/04/2016,7937,0,0,373,843,2130
1927972279,14/04/2016,2163,0,9,88,1292,2383
2022484408,14/04/2016,10690,32,3,257,1148,2312
2026352035,14/04/2016,3335,0,0,197,653,1431
2320127002,14/04/2016,3973,0,0,191,1249,1696
2347167796,14/04/2016,10129,1,48,206,705,2010
2873212765,14/04/2016,7910,0,0,331,1109,1893
3372868164,14/04/2016,8844,6,25,370,1039,2065
3977333714,14/04/2016,7641,5,23,214,801,1433
4020332650,14/04/2016,108,0,0,3,1437,2011
4057192912,14/04/2016,0,0,0,0,1440,1776
4319703577,14/04/2016,10210,1,9,339,589,2302
4388161847,14/04/2016,8863,10,35,219,945,2998
4445114986,14/04/2016,3974,0,0,231,717,2194
4558609924,14/04/2016,6799,0,0,279,1161,1922
4702921684,14/04/2016,7860,0,0,271,772,2984
5553957443,14/04/2016,17022,61,41,256,693,2324
5577150313,14/04/2016,8596,118,30,176,662,4022
6117666160,14/04/2016,0,0,0,0,1440,1496
6290855005,14/04/2016,7671,0,0,363,1077,2952
6775888955,14/04/2016,5162,14,24,105,863,2507
6962181067,14/04/2016,1551,0,0,86,862,1466
7007744171,14/04/2016,11179,34,6,304,1096,2668
7086361926,14/04/2016,9123,35,32,189,787,2734
8053475328,14/04/2016,20159,119,5,193,1123,3411
8253242879,14/04/2016,5234,29,16,33,1362,1705
8378563200,14/04/2016,13318,123,21,174,699,4163
8583815059,14/04/2016,3135,0,0,134,1306,2443
8792009665,14/04/2016,1219,0,0,84,853,1963
8877689391,14/04/2016,21129,68,13,298,1061,3793
1503960366,15/04/2016,9762,29,34,209,726,1745
1624580081,15/04/2016,1510,0,0,96,1344,1344
1644430081,15/04/2016,5263,3,4,170,1263,2750
1844505072,15/04/2016,3844,0,0,176,527,1725
1927972279,15/04/2016,980,0,0,51,941,2221
2022484408,15/04/2016,11034,27,9,282,1122,2525
2026352035,15/04/2016,3821,0,0,188,687,1444
2320127002,15/04/2016,5205,0,0,245,1195,1801
2347167796,15/04/2016,10465,1,24,284,720,2133
2873212765,15/04/2016,8482,0,0,448,992,2063
3372868164,15/04/2016,7451,0,0,335,1105,1908
3977333714,15/04/2016,9010,15,42,183,644,1468
4020332650,15/04/2016,1882,36,18,87,1299,2951
4057192912,15/04/2016,3984,3,6,88,873,1527
4319703577,15/04/2016,5664,0,0,228,752,1985
4388161847,15/04/2016,8758,0,0,299,837,3066
4445114986,15/04/2016,7198,0,0,350,711,2496
4558609924,15/04/2016,7795,17,30,262,1131,2121
4702921684,15/04/2016,6506,1,8,256,944,2896
5553957443,15/04/2016,16556,58,38,239,689,2254
5577150313,15/04/2016,12087,115,54,199,695,4005
6117666160,15/04/2016,14019,0,6,513,921,2865
6290855005,15/04/2016,9501,0,0,328,1112,2896
6775888955,15/04/2016,1282,0,0,58,976,2127
6962181067,15/04/2016,5563,0,0,217,837,1756
7007744171,15/04/2016,5273,0,0,202,1238,2098
7086361926,15/04/2016,8585,30,21,139,864,2395
8053475328,15/04/2016,20669,132,8,158,1142,3410
8253242879,15/04/2016,2672,0,0,105,1335,1632
8378563200,15/04/2016,14461,60,23,190,729,3666
8583815059,15/04/2016,3430,0,0,65,1375,2505
8792009665,15/04/2016,2483,0,0,126,937,2009
8877689391,15/04/2016,13422,106,1,281,1052,3934
1503960366,16/04/2016,12669,36,10,221,773,1863
1624580081,16/04/2016,5370,0,0,176,1264,1463
1644430081,16/04/2016,15300,51,42,212,1135,3493
1844505072,16/04/2016,3414,0,0,147,1293,1657
1927972279,16/04/2016,0,0,0,0,1440,2064
2022484408,16/04/2016,10100,41,11,151,1237,2177
2026352035,16/04/2016,2547,0,0,150,728,1373
2320127002,16/04/2016,5057,0,0,195,1245,1724
2347167796,16/04/2016,22244,66,72,268,968,2670
2873212765,16/04/2016,9685,47,1,305,1087,2148
3372868164,16/04/2016,6905,0,0,356,1084,1908
3977333714,16/04/2016,13459,31,83,153,663,1625
4020332650,16/04/2016,1982,65,21,55,1222,3051
4319703577,16/04/2016,4744,0,0,194,724,1884
4388161847,16/04/2016,6580,6,9,253,609,3073
4445114986,16/04/2016,3945,0,0,225,716,2180
4558609924,16/04/2016,7289,8,12,308,1112,1997
4702921684,16/04/2016,11140,3,24,335,556,3328
5553957443,16/04/2016,5771,0,0,288,521,1831
5577150313,16/04/2016,14269,184,56,158,472,4274
6117666160,16/04/2016,14450,7,15,518,502,2828
6290855005,16/04/2016,8301,0,0,258,1182,2783
6775888955,16/04/2016,4732,36,18,9,1377,2225
6962181067,16/04/2016,13217,50,3,280,741,2173
7007744171,16/04/2016,4631,0,0,203,1155,2076
7086361926,16/04/2016,31,0,0,3,1437,1635
8053475328,16/04/2016,14549,96,6,83,1255,2867
8253242879,16/04/2016,9256,6,51,115,1268,1880
8378563200,16/04/2016,11207,64,21,142,563,3363
8583815059,16/04/2016,5319,0,0,0,1440,2693
8792009665,16/04/2016,244,0,0,12,1428,1721
8877689391,16/04/2016,29326,94,29,429,888,4547
1503960366,17/04/2016,9705,38,20,164,539,1728
1624580081,17/04/2016,6175,15,22,127,1276,1554
1644430081,17/04/2016,8757,29,13,186,1212,3011
1844505072,17/04/2016,4525,2,8,199,1231,1793
1927972279,17/04/2016,0,0,0,0,1440,2063
2022484408,17/04/2016,15112,28,29,331,1052,2782
2026352035,17/04/2016,838,0,0,60,1053,1214
2320127002,17/04/2016,6198,0,0,249,1191,1852
2347167796,17/04/2016,5472,1,7,249,508,1882
2873212765,17/04/2016,2524,0,8,160,1272,1529
3372868164,17/04/2016,8199,11,2,322,1105,1964
3977333714,17/04/2016,10415,11,58,205,600,1529
4020332650,17/04/2016,16,0,0,2,1438,1990
4319703577,17/04/2016,29,0,0,3,1363,1464
4388161847,17/04/2016,4660,0,0,201,721,2572
4445114986,17/04/2016,2268,0,0,114,1219,1933
4558609924,17/04/2016,9634,7,19,304,1110,2117
4702921684,17/04/2016,12692,12,66,302,437,3394
5553957443,17/04/2016,655,0,0,46,943,1397
5577150313,17/04/2016,12231,200,37,159,525,4552
6117666160,17/04/2016,7150,0,0,312,702,2225
6290855005,17/04/2016,7851,31,12,225,1172,3171
6775888955,17/04/2016,2497,5,24,19,1392,2067
6962181067,17/04/2016,10145,5,13,295,634,2027
7007744171,17/04/2016,8059,0,0,305,1135,2383
7086361926,17/04/2016,0,0,0,0,1440,1629
8053475328,17/04/2016,18827,111,21,195,1113,3213
8253242879,17/04/2016,10204,41,5,157,1237,2112
8378563200,17/04/2016,2132,0,0,93,599,2572
8583815059,17/04/2016,3008,0,0,0,1440,2439
8792009665,17/04/2016,0,0,0,0,1440,1688
8877689391,17/04/2016,15118,58,15,307,1060,3545
1503960366,18/04/2016,13019,42,16,233,1149,1921
1624580081,18/04/2016,10536,17,7,202,1214,1604
1644430081,18/04/2016,7132,15,33,121,1271,2806
1844505072,18/04/2016,4597,0,12,217,1211,1814
1927972279,18/04/2016,244,0,0,17,1423,2111
2022484408,18/04/2016,14131,48,3,311,1078,2770
2026352035,18/04/2016,3325,0,0,182,1062,1419
2320127002,18/04/2016,6559,0,7,260,1173,1905
2347167796,18/04/2016,8247,11,16,206,678,1944
2873212765,18/04/2016,7762,1,6,311,1122,1890
3372868164,18/04/2016,6798,20,7,343,1070,2014
3977333714,18/04/2016,11663,4,95,214,605,1584
4020332650,18/04/2016,62,0,0,2,1438,1995
4319703577,18/04/2016,2276,1,9,58,824,1632
4388161847,18/04/2016,11009,27,8,239,1017,3274
4445114986,18/04/2016,6155,25,6,162,1247,2248
4558609924,18/04/2016,8940,14,15,331,1080,2116
4702921684,18/04/2016,9105,22,30,191,890,3013
5553957443,18/04/2016,3727,0,0,206,622,1683
5577150313,18/04/2016,9893,114,32,130,623,3625
6117666160,18/04/2016,5153,0,0,241,759,2018
6290855005,18/04/2016,6885,0,0,271,1169,2766
6775888955,18/04/2016,8294,30,31,146,1233,2798
6962181067,18/04/2016,11404,13,42,238,689,2039
7007744171,18/04/2016,14816,48,31,284,1077,2832
7086361926,18/04/2016,9827,61,51,114,1136,2743
8053475328,18/04/2016,17076,102,6,195,1137,3133
8253242879,18/04/2016,5151,16,16,130,1278,1829
8378563200,18/04/2016,13630,117,10,174,720,4157
8583815059,18/04/2016,3864,4,22,105,1309,2536
8792009665,18/04/2016,0,0,0,0,1440,1688
8877689391,18/04/2016,11423,29,5,191,1215,2761
1503960366,19/04/2016,15506,50,31,264,775,2035
1624580081,19/04/2016,2916,0,0,141,1299,1435
1644430081,19/04/2016,11256,5,58,278,1099,3300
1844505072,19/04/2016,197,0,0,10,1430,1366
1927972279,19/04/2016,0,0,0,0,1440,2063
2022484408,19/04/2016,11548,31,7,250,1152,2489
2026352035,19/04/2016,2424,0,0,141,785,1356
2320127002,19/04/2016,5997,0,11,228,1201,1811
2347167796,19/04/2016,6711,0,7,382,648,2346
2873212765,19/04/2016,7948,0,0,389,1051,1956
3372868164,19/04/2016,7711,0,0,376,1064,1985
3977333714,19/04/2016,12414,19,67,221,738,1638
4020332650,19/04/2016,0,0,0,0,1440,1980
4319703577,19/04/2016,8925,0,0,311,604,2200
4388161847,19/04/2016,10181,20,16,249,704,3015
4445114986,19/04/2016,2064,0,0,121,895,1954
4558609924,19/04/2016,5401,1,9,248,1182,1876
4702921684,19/04/2016,6708,10,8,179,757,2812
5553957443,19/04/2016,15482,69,28,249,756,2284
5577150313,19/04/2016,12574,108,23,111,733,3501
6117666160,19/04/2016,11135,0,0,480,425,2606
6290855005,19/04/2016,7142,0,0,321,1119,2839
6775888955,19/04/2016,0,0,0,0,1440,1841
6962181067,19/04/2016,10742,35,41,195,659,2046
7007744171,19/04/2016,14194,53,17,304,1066,2812
7086361926,19/04/2016,10688,67,69,124,671,2944
8053475328,19/04/2016,15929,90,7,191,1152,3114
8253242879,19/04/2016,4212,0,0,164,1276,1763
8378563200,19/04/2016,13070,120,19,154,737,4092
8583815059,19/04/2016,5697,7,10,166,1257,2668
8792009665,19/04/2016,0,0,0,0,1440,1688
8877689391,19/04/2016,18785,82,13,214,1131,3676
1503960366,20/04/2016,10544,28,12,205,818,1786
1624580081,20/04/2016,4974,0,0,151,1289,1446
1644430081,20/04/2016,2436,0,0,125,1315,2430
1844505072,20/04/2016,8,0,0,1,1439,1349
1927972279,20/04/2016,0,0,0,0,1440,2063
2022484408,20/04/2016,15112,48,63,276,1053,2897
2026352035,20/04/2016,7222,0,0,327,623,1667
2320127002,20/04/2016,7192,0,11,283,1146,1922
2347167796,20/04/2016,10999,11,43,269,1011,2198
2873212765,20/04/2016,9202,22,5,378,1035,2094
3372868164,20/04/2016,4880,15,3,274,1148,1867
3977333714,20/04/2016,11658,2,98,164,845,1554
4020332650,20/04/2016,0,0,0,0,1440,1980
4319703577,20/04/2016,8954,0,18,306,671,2220
4388161847,20/04/2016,10553,19,42,228,696,3083
4445114986,20/04/2016,2072,0,0,137,841,1974
4558609924,20/04/2016,4803,0,0,222,1218,1788
4702921684,20/04/2016,8793,2,29,260,717,3061
5553957443,20/04/2016,2713,0,0,148,598,1570
5577150313,20/04/2016,8330,87,16,113,773,3192
6117666160,20/04/2016,10449,26,10,349,587,2536
6290855005,20/04/2016,6361,0,0,258,1182,2701
6775888955,20/04/2016,10771,70,113,178,1079,3727
6962181067,20/04/2016,13928,48,4,297,639,2174
7007744171,20/04/2016,15566,60,33,347,1000,3096
7086361926,20/04/2016,14365,87,13,145,797,2997
8053475328,20/04/2016,15108,89,5,158,695,3043
8253242879,20/04/2016,6466,5,18,216,1201,1931
8378563200,20/04/2016,9388,82,8,169,763,3787
8583815059,20/04/2016,5273,0,27,167,1246,2647
8792009665,20/04/2016,3147,0,10,139,744,2188
8877689391,20/04/2016,19948,73,19,225,1123,3679
1503960366,21/04/2016,9819,19,8,211,838,1775
1624580081,21/04/2016,6349,0,0,186,1254,1467
1644430081,21/04/2016,1223,0,0,38,1402,2140
1844505072,21/04/2016,8054,2,13,308,1117,2062
1927972279,21/04/2016,0,0,0,0,1440,2064
2022484408,21/04/2016,12453,104,53,255,1028,3158
2026352035,21/04/2016,2467,0,0,153,749,1370
2320127002,21/04/2016,3404,1,10,127,1302,1610
2347167796,21/04/2016,10080,23,26,208,761,2048
2873212765,21/04/2016,8859,2,10,371,1057,1970
3372868164,21/04/2016,8857,18,9,376,1037,2124
3977333714,21/04/2016,6093,0,0,242,712,1397
4020332650,21/04/2016,0,0,0,0,1440,1980
4319703577,21/04/2016,3702,0,0,34,1265,1792
4388161847,21/04/2016,10055,7,12,272,853,3069
4445114986,21/04/2016,3809,0,0,215,756,2150
4558609924,21/04/2016,13743,6,21,432,844,2486
4702921684,21/04/2016,6530,4,41,144,901,2729
5553957443,21/04/2016,12346,47,42,177,801,2066
5577150313,21/04/2016,10830,110,74,175,670,4018
6117666160,21/04/2016,19542,11,19,294,579,4900
6290855005,21/04/2016,0,0,0,0,1440,2060
6775888955,21/04/2016,0,0,0,0,1440,1841
6962181067,21/04/2016,11835,53,27,214,708,2179
7007744171,21/04/2016,13744,30,34,327,1049,2763
7086361926,21/04/2016,9469,19,6,206,758,2463
8053475328,21/04/2016,16057,100,6,170,1164,3103
8253242879,21/04/2016,11268,49,20,172,1199,2218
8378563200,21/04/2016,15148,137,16,145,677,4236
8583815059,21/04/2016,8538,35,18,158,1229,2883
8792009665,21/04/2016,144,0,0,9,1431,1720
8877689391,21/04/2016,19377,82,13,226,1119,3659
1503960366,22/04/2016,12764,66,27,130,1217,1827
1624580081,22/04/2016,4026,0,0,199,1241,1470
1644430081,22/04/2016,3673,0,0,86,1354,2344
1844505072,22/04/2016,5372,0,0,220,1220,1827
1927972279,22/04/2016,149,0,0,10,1430,2093
2022484408,22/04/2016,12954,52,10,273,1105,2638
2026352035,22/04/2016,2915,0,0,162,712,1399
2320127002,22/04/2016,5583,0,0,266,1174,1851
2347167796,22/04/2016,7804,9,27,206,781,1946
2873212765,22/04/2016,7286,46,0,366,1028,2241
3372868164,22/04/2016,3843,0,0,206,1234,1669
3977333714,22/04/2016,8911,33,12,188,731,1481
4020332650,22/04/2016,0,0,0,0,1440,1980
4319703577,22/04/2016,4500,1,19,176,709,1886
4388161847,22/04/2016,12139,77,25,220,945,3544
4445114986,22/04/2016,6831,0,0,317,706,2432
4558609924,22/04/2016,9601,20,25,273,1122,2094
4702921684,22/04/2016,1664,0,0,72,1341,2241
5553957443,22/04/2016,11682,25,16,270,781,2105
5577150313,22/04/2016,9172,62,30,200,823,3329
6117666160,22/04/2016,8206,0,0,402,413,2409
6290855005,22/04/2016,6238,0,0,302,1138,2796
6775888955,22/04/2016,637,0,0,20,1420,1922
6962181067,22/04/2016,10725,30,33,240,659,2086
7007744171,22/04/2016,15299,64,50,261,1065,2889
7086361926,22/04/2016,9753,58,59,153,762,2846
8053475328,22/04/2016,10520,60,3,117,1260,2655
8253242879,22/04/2016,2824,0,0,120,1320,1651
8378563200,22/04/2016,12200,113,12,159,769,4044
8583815059,22/04/2016,8687,4,54,212,1170,2944
8792009665,22/04/2016,4068,1,20,195,817,2419
8877689391,22/04/2016,18258,61,2,236,1141,3427
1503960366,23/04/2016,14371,41,21,262,732,1949
1624580081,23/04/2016,8538,0,0,227,1213,1562
1644430081,23/04/2016,6637,0,15,160,1265,2677
1844505072,23/04/2016,3570,0,0,139,1301,1645
1927972279,23/04/2016,2945,0,0,145,1295,2499
2022484408,23/04/2016,6001,0,0,249,1191,2069
2026352035,23/04/2016,12357,0,0,432,458,1916
2320127002,23/04/2016,5079,0,0,242,1129,1804
2347167796,23/04/2016,16901,32,35,360,591,2629
2873212765,23/04/2016,9317,28,5,330,1077,2021
3372868164,23/04/2016,7396,20,2,303,1115,1995
3977333714,23/04/2016,12058,0,92,252,724,1638
4020332650,23/04/2016,0,0,0,0,1440,1980
4319703577,23/04/2016,4935,0,0,233,546,1945
4388161847,23/04/2016,13236,58,5,215,749,3306
4445114986,23/04/2016,4363,0,0,201,1239,2149
4558609924,23/04/2016,6890,5,5,308,1122,2085
4702921684,23/04/2016,15126,9,66,408,469,3691
5553957443,23/04/2016,4112,0,0,272,443,1776
5577150313,23/04/2016,7638,24,24,223,627,3152
6117666160,23/04/2016,11495,0,0,512,468,2651
6290855005,23/04/2016,0,33,0,0,1407,2664
6775888955,23/04/2016,0,0,0,0,1440,1841
6962181067,23/04/2016,20031,58,41,347,484,2571
7007744171,23/04/2016,8093,2,25,223,1190,2284
7086361926,23/04/2016,2817,0,0,90,1350,1965
8053475328,23/04/2016,22359,125,14,223,741,3554
8253242879,23/04/2016,9282,30,26,191,1193,2132
8378563200,23/04/2016,5709,19,10,136,740,2908
8583815059,23/04/2016,9423,7,44,238,1151,3012
8792009665,23/04/2016,5245,8,45,232,795,2748
8877689391,23/04/2016,11200,102,6,300,1032,3891
1503960366,24/04/2016,10039,39,5,238,709,1788
1624580081,24/04/2016,6076,16,18,185,1221,1617
1644430081,24/04/2016,3321,0,0,89,1351,2413
1844505072,24/04/2016,0,0,0,0,1440,1347
1927972279,24/04/2016,2090,1,6,75,1358,2324
2022484408,24/04/2016,13481,37,26,216,1161,2529
2026352035,24/04/2016,3490,0,0,164,704,1401
2320127002,24/04/2016,4165,0,0,204,1236,1725
2347167796,24/04/2016,9471,0,0,360,584,2187
2873212765,24/04/2016,6873,46,1,190,1203,1898
3372868164,24/04/2016,6731,14,7,292,1127,1921
3977333714,24/04/2016,14112,30,95,129,660,1655
4020332650,24/04/2016,0,0,0,0,1440,1980
4319703577,24/04/2016,4081,1,5,191,692,1880
4388161847,24/04/2016,10243,14,8,239,584,2885
4445114986,24/04/2016,5002,0,0,244,1196,2247
4558609924,24/04/2016,8563,0,0,395,1045,2173
4702921684,24/04/2016,15050,15,95,281,542,3538
5553957443,24/04/2016,1807,0,0,104,582,1507
5577150313,24/04/2016,15764,210,65,141,425,4392
6117666160,24/04/2016,7623,0,0,362,711,2305
6290855005,24/04/2016,5896,0,0,258,1182,2703
6775888955,24/04/2016,2153,11,18,11,1400,2053
6962181067,24/04/2016,5029,0,0,199,720,1705
7007744171,24/04/2016,11085,0,0,419,1021,2667
7086361926,24/04/2016,3520,0,0,125,566,2049
8053475328,24/04/2016,22988,129,33,182,1096,3577
8253242879,24/04/2016,8905,41,4,82,1313,1976
8378563200,24/04/2016,3703,0,0,135,734,2741
8583815059,24/04/2016,8286,2,44,206,1188,2889
8792009665,24/04/2016,400,3,8,19,1410,1799
8877689391,24/04/2016,16674,64,1,227,1148,3455
1503960366,25/04/2016,15355,73,14,216,814,2013
1624580081,25/04/2016,6497,0,0,202,1238,1492
1644430081,25/04/2016,3580,8,1,94,1337,2497
1844505072,25/04/2016,0,0,0,0,1440,1347
1927972279,25/04/2016,152,0,0,12,1303,2100
2022484408,25/04/2016,11369,44,8,217,1171,2470
2026352035,25/04/2016,6017,0,0,260,821,1576
2320127002,25/04/2016,3588,3,5,152,1280,1654
2347167796,25/04/2016,9482,15,11,277,653,2095
2873212765,25/04/2016,7373,0,0,359,1081,1907
3372868164,25/04/2016,5995,0,0,416,1024,2010
3977333714,25/04/2016,11177,50,9,133,781,1570
4020332650,25/04/2016,0,0,0,0,1440,1980
4319703577,25/04/2016,9259,0,8,390,544,2314
4388161847,25/04/2016,12961,11,31,301,1054,3288
4445114986,25/04/2016,3385,0,0,179,916,2070
4558609924,25/04/2016,8095,18,10,340,993,2225
4702921684,25/04/2016,9167,6,15,270,730,3064
5553957443,25/04/2016,10946,51,11,201,732,2033
5577150313,25/04/2016,6393,61,38,214,743,3374
6117666160,25/04/2016,0,0,0,0,1440,1497
6290855005,25/04/2016,7802,8,3,249,1180,2771
6775888955,25/04/2016,6474,33,13,92,1302,2484
6962181067,25/04/2016,13239,35,31,282,637,2194
7007744171,25/04/2016,18229,51,24,379,986,3055
7086361926,25/04/2016,10091,69,39,129,706,2752
8053475328,25/04/2016,20500,118,9,209,1104,3403
8253242879,25/04/2016,6829,7,54,118,1261,1909
8378563200,25/04/2016,12405,117,16,141,692,4005
8583815059,25/04/2016,4503,18,6,122,1294,2547
8792009665,25/04/2016,0,0,0,0,1440,1688
8877689391,25/04/2016,12986,113,8,218,1101,3802
1503960366,26/04/2016,13755,31,23,279,833,1970
1624580081,26/04/2016,2826,0,0,140,1300,1402
1644430081,26/04/2016,9919,11,41,223,1165,3123
1844505072,26/04/2016,0,0,0,0,1440,1347
1927972279,26/04/2016,3761,0,0,192,1058,2638
2022484408,26/04/2016,10119,55,24,275,1086,2793
2026352035,26/04/2016,5933,0,0,288,1018,1595
2320127002,26/04/2016,3409,0,0,147,1293,1632
2347167796,26/04/2016,5980,0,0,227,732,1861
2873212765,26/04/2016,8242,2,5,309,1124,1882
3372868164,26/04/2016,8283,22,2,333,1083,2057
3977333714,26/04/2016,11388,7,95,170,797,1551
4020332650,26/04/2016,0,0,0,0,1440,1980
4319703577,26/04/2016,9899,8,21,288,649,2236
4388161847,26/04/2016,9461,14,23,224,673,2929
4445114986,26/04/2016,6326,29,1,180,839,2291
4558609924,26/04/2016,9148,12,41,283,1062,2223
4702921684,26/04/2016,6108,1,8,216,765,2784
5553957443,26/04/2016,11886,40,18,238,750,2093
5577150313,26/04/2016,5325,38,32,181,759,3088
6117666160,26/04/2016,9543,0,7,352,1077,2450
6290855005,26/04/2016,0,0,0,0,1440,2060
6775888955,26/04/2016,7091,42,30,47,1321,2584
6962181067,26/04/2016,10433,36,7,254,680,2012
7007744171,26/04/2016,15090,16,22,424,978,2939
7086361926,26/04/2016,10387,70,33,132,726,2781
8053475328,26/04/2016,12685,68,5,185,1182,2846
8253242879,26/04/2016,4562,19,14,108,1299,1813
8378563200,26/04/2016,16208,90,18,161,593,3763
8583815059,26/04/2016,10499,1,91,214,1134,3093
8792009665,26/04/2016,1321,0,0,80,1360,1928
8877689391,26/04/2016,11101,22,3,258,1157,2860
1503960366,27/04/2016,18134,78,11,243,1108,2159
1624580081,27/04/2016,8367,17,36,154,1233,1670
1644430081,27/04/2016,3032,0,0,118,1322,2489
1844505072,27/04/2016,4,0,0,1,1439,1348
1927972279,27/04/2016,0,0,0,0,1440,2063
2022484408,27/04/2016,10159,19,20,282,1119,2463
2026352035,27/04/2016,6088,0,0,286,586,1593
2320127002,27/04/2016,1715,0,0,82,1358,1481
2347167796,27/04/2016,11423,26,9,295,623,2194
2873212765,27/04/2016,3516,46,0,197,1197,1966
3372868164,27/04/2016,7904,24,13,346,1057,2095
3977333714,27/04/2016,7193,0,10,176,714,1377
4020332650,27/04/2016,0,0,0,0,1440,1980
4319703577,27/04/2016,10780,6,47,300,680,2324
4388161847,27/04/2016,11193,11,48,241,684,3074
4445114986,27/04/2016,7243,32,1,194,839,2361
4558609924,27/04/2016,9557,27,14,312,1087,2098
4702921684,27/04/2016,7047,1,16,238,733,2908
5553957443,27/04/2016,10538,16,16,206,745,1922
5577150313,27/04/2016,6805,63,16,190,773,3294
6117666160,27/04/2016,9411,0,0,458,417,2576
6290855005,27/04/2016,5565,0,0,287,1153,2743
6775888955,27/04/2016,0,0,0,0,1440,1841
6962181067,27/04/2016,10320,7,38,279,697,2034
7007744171,27/04/2016,13541,50,12,337,1041,2830
7086361926,27/04/2016,11107,55,6,145,829,2693
8053475328,27/04/2016,12422,60,10,183,1187,2852
8253242879,27/04/2016,10232,45,5,104,1286,2008
8378563200,27/04/2016,7359,4,4,192,676,3061
8583815059,27/04/2016,12474,77,5,129,1229,3142
8792009665,27/04/2016,1758,0,0,112,900,2067
8877689391,27/04/2016,23629,93,8,235,1104,3808
1503960366,28/04/2016,13154,48,28,189,782,1898
1624580081,28/04/2016,2759,0,5,115,1320,1401
1644430081,28/04/2016,9405,3,53,227,1157,3108
1844505072,28/04/2016,6907,0,0,302,1138,1992
1927972279,28/04/2016,1675,0,0,95,1167,2351
2022484408,28/04/2016,10140,6,20,291,1123,2296
2026352035,28/04/2016,6375,0,0,331,626,1649
2320127002,28/04/2016,1532,0,0,76,1364,1473
2347167796,28/04/2016,5439,0,0,229,764,1854
2873212765,28/04/2016,7913,28,7,213,1192,1835
3372868164,28/04/2016,5512,0,0,385,1055,1972
3977333714,28/04/2016,7114,15,8,190,804,1407
4020332650,28/04/2016,0,0,0,0,1440,1980
4319703577,28/04/2016,10817,13,8,359,552,2367
4388161847,28/04/2016,10074,19,9,234,878,2969
4445114986,28/04/2016,4493,0,0,236,762,2203
4558609924,28/04/2016,9451,1,11,367,985,2185
4702921684,28/04/2016,9023,14,9,232,738,3033
5553957443,28/04/2016,11393,49,13,165,727,1999
5577150313,28/04/2016,9841,99,51,141,692,3580
6117666160,28/04/2016,3403,0,0,141,758,1879
6290855005,28/04/2016,5731,0,0,255,1185,2687
6775888955,28/04/2016,703,2,13,15,1410,1993
6962181067,28/04/2016,12627,38,8,288,621,2182
7007744171,28/04/2016,15128,16,16,401,1007,2836
7086361926,28/04/2016,11584,54,48,161,810,2862
8053475328,28/04/2016,15447,90,9,153,1188,3062
8253242879,28/04/2016,2718,11,16,20,1393,1580
8378563200,28/04/2016,5417,11,10,139,711,2884
8583815059,28/04/2016,6174,0,28,203,1209,2757
8792009665,28/04/2016,6157,0,0,310,714,2780
8877689391,28/04/2016,14890,58,8,231,1143,3060
1503960366,29/04/2016,11181,16,12,243,815,1837
1624580081,29/04/2016,2390,0,0,150,1290,1404
1644430081,29/04/2016,3176,0,0,120,1193,2498
1844505072,29/04/2016,4920,0,0,247,1082,1856
1927972279,29/04/2016,0,0,0,0,1440,2063
2022484408,29/04/2016,10245,21,40,281,1098,2611
2026352035,29/04/2016,7604,0,0,352,492,1692
2320127002,29/04/2016,924,0,0,45,1395,1410
2347167796,29/04/2016,42,0,0,4,2,403
2873212765,29/04/2016,7365,20,23,206,1191,1780
3372868164,29/04/2016,9135,0,0,402,1038,2044
3977333714,29/04/2016,10645,36,32,150,744,1545
4020332650,29/04/2016,0,0,0,0,1440,1980
4319703577,29/04/2016,7990,6,18,289,624,2175
4388161847,29/04/2016,9232,13,16,236,1175,2979
4445114986,29/04/2016,4676,0,0,226,1106,2196
4558609924,29/04/2016,7833,15,29,197,1096,1918
4702921684,29/04/2016,9930,12,19,267,692,3165
5553957443,29/04/2016,12764,46,15,270,709,2169
5577150313,29/04/2016,7924,97,36,165,739,3544
6117666160,29/04/2016,9592,0,0,461,479,2560
6290855005,29/04/2016,0,0,0,0,1440,2060
6775888955,29/04/2016,0,0,0,0,1440,1841
6962181067,29/04/2016,10762,12,15,369,645,2254
7007744171,29/04/2016,20067,55,42,382,961,3180
7086361926,29/04/2016,7881,24,36,182,1198,2616
8053475328,29/04/2016,12315,58,8,159,1215,2794
8253242879,29/04/2016,6260,16,14,136,1257,1854
8378563200,29/04/2016,6175,3,7,172,767,2982
8583815059,29/04/2016,15168,46,67,258,1069,3513
8792009665,29/04/2016,8360,6,14,380,634,3101
8877689391,29/04/2016,9733,18,5,210,1207,2698
1503960366,30/04/2016,14673,52,34,217,712,1947
1624580081,30/04/2016,6474,11,23,224,1182,1655
1644430081,30/04/2016,18213,9,71,402,816,3846
1844505072,30/04/2016,4014,0,0,184,218,1763
1927972279,30/04/2016,0,0,0,0,1440,2064
2022484408,30/04/2016,18387,13,23,361,1043,2732
2026352035,30/04/2016,4729,0,0,233,594,1506
2320127002,30/04/2016,4571,0,0,234,1206,1779
2873212765,30/04/2016,8452,5,20,248,1167,1830
3372868164,30/04/2016,5250,17,4,300,1119,1946
3977333714,30/04/2016,13238,43,52,194,687,1650
4020332650,30/04/2016,0,0,0,0,1440,1980
4319703577,30/04/2016,8221,6,38,196,695,2092
4388161847,30/04/2016,12533,14,43,300,537,3283
4445114986,30/04/2016,6222,0,0,290,797,2363
4558609924,30/04/2016,10319,7,29,293,1111,2105
4702921684,30/04/2016,10144,4,36,263,728,3115
5553957443,30/04/2016,1202,0,0,84,506,1463
5577150313,30/04/2016,12363,207,45,163,621,4501
6117666160,30/04/2016,6987,0,0,343,1040,2275
6290855005,30/04/2016,6744,0,0,324,1116,2843
6775888955,30/04/2016,2503,3,9,84,1344,2280
6962181067,30/04/2016,10081,32,16,237,731,2002
7007744171,30/04/2016,3761,0,0,200,1240,2051
7086361926,30/04/2016,14560,42,17,308,584,2995
8053475328,30/04/2016,7135,27,1,131,1281,2408
8253242879,30/04/2016,0,0,0,0,1440,0
8378563200,30/04/2016,2946,0,0,121,780,2660
8583815059,30/04/2016,10085,2,28,317,1093,3164
8792009665,30/04/2016,7174,10,20,301,749,2896
8877689391,30/04/2016,27745,124,4,223,1089,4398